Product type,SKU
haircare,SKU0
skincare,SKU1
haircare,SKU2
skincare,SKU3
skincare,SKU4
haircare,SKU5
skincare,SKU6
cosmetics,SKU7
cosmetics,SKU8
skincare,SKU9
skincare,SKU10
skincare,SKU11
haircare,SKU12
skincare,SKU13
skincare,SKU14
skincare,SKU15
skincare,SKU16
cosmetics,SKU17
haircare,SKU18
skincare,SKU19
skincare,SKU20
cosmetics,SKU21
haircare,SKU22
cosmetics,SKU23
haircare,SKU24
haircare,SKU25
haircare,SKU26
cosmetics,SKU27
cosmetics,SKU28
cosmetics,SKU29
haircare,SKU30
skincare,SKU31
skincare,SKU32
cosmetics,SKU33
skincare,SKU34
cosmetics,SKU35
skincare,SKU36
skincare,SKU37
cosmetics,SKU38
skincare,SKU39
skincare,SKU40
skincare,SKU41
skincare,SKU42
haircare,SKU43
cosmetics,SKU44
haircare,SKU45
haircare,SKU46
skincare,SKU47
haircare,SKU48
cosmetics,SKU49
cosmetics,SKU50
haircare,SKU51
skincare,SKU52
skincare,SKU53
haircare,SKU54
haircare,SKU55
skincare,SKU56
haircare,SKU57
skincare,SKU58
cosmetics,SKU59
skincare,SKU60
haircare,SKU61
cosmetics,SKU62
skincare,SKU63
skincare,SKU64
skincare,SKU65
skincare,SKU66
skincare,SKU67
haircare,SKU68
skincare,SKU69
haircare,SKU70
cosmetics,SKU71
cosmetics,SKU72
cosmetics,SKU73
haircare,SKU74
skincare,SKU75
haircare,SKU76
haircare,SKU77
haircare,SKU78
haircare,SKU79
skincare,SKU80
haircare,SKU81
skincare,SKU82
haircare,SKU83
haircare,SKU84
cosmetics,SKU85
skincare,SKU86
haircare,SKU87
cosmetics,SKU88
cosmetics,SKU89
skincare,SKU90
cosmetics,SKU91
cosmetics,SKU92
haircare,SKU93
cosmetics,SKU94
haircare,SKU95
cosmetics,SKU96
haircare,SKU97
skincare,SKU98
haircare,SKU99
haircare,SKU100
skincare,SKU101
haircare,SKU102
cosmetics,SKU103
cosmetics,SKU104
haircare,SKU105
haircare,SKU106
haircare,SKU107
haircare,SKU108
skincare,SKU109
cosmetics,SKU110
haircare,SKU111
skincare,SKU112
haircare,SKU113
skincare,SKU114
skincare,SKU115
cosmetics,SKU116
skincare,SKU117
haircare,SKU118
skincare,SKU119
skincare,SKU120
skincare,SKU121
skincare,SKU122
haircare,SKU123
cosmetics,SKU124
cosmetics,SKU125
skincare,SKU126
skincare,SKU127
cosmetics,SKU128
cosmetics,SKU129
skincare,SKU130
cosmetics,SKU131
cosmetics,SKU132
cosmetics,SKU133
haircare,SKU134
cosmetics,SKU135
cosmetics,SKU136
skincare,SKU137
haircare,SKU138
cosmetics,SKU139
haircare,SKU140
skincare,SKU141
haircare,SKU142
skincare,SKU143
skincare,SKU144
skincare,SKU145
skincare,SKU146
skincare,SKU147
haircare,SKU148
haircare,SKU149
haircare,SKU150
haircare,SKU151
skincare,SKU152
cosmetics,SKU153
skincare,SKU154
skincare,SKU155
skincare,SKU156
cosmetics,SKU157
cosmetics,SKU158
haircare,SKU159
haircare,SKU160
skincare,SKU161
cosmetics,SKU162
cosmetics,SKU163
skincare,SKU164
skincare,SKU165
cosmetics,SKU166
haircare,SKU167
haircare,SKU168
skincare,SKU169
cosmetics,SKU170
haircare,SKU171
haircare,SKU172
skincare,SKU173
skincare,SKU174
haircare,SKU175
cosmetics,SKU176
cosmetics,SKU177
skincare,SKU178
skincare,SKU179
haircare,SKU180
haircare,SKU181
skincare,SKU182
cosmetics,SKU183
haircare,SKU184
haircare,SKU185
cosmetics,SKU186
haircare,SKU187
cosmetics,SKU188
skincare,SKU189
cosmetics,SKU190
haircare,SKU191
skincare,SKU192
cosmetics,SKU193
haircare,SKU194
haircare,SKU195
cosmetics,SKU196
skincare,SKU197
skincare,SKU198
cosmetics,SKU199
cosmetics,SKU200
cosmetics,SKU201
skincare,SKU202
cosmetics,SKU203
skincare,SKU204
skincare,SKU205
cosmetics,SKU206
skincare,SKU207
skincare,SKU208
haircare,SKU209
skincare,SKU210
skincare,SKU211
haircare,SKU212
cosmetics,SKU213
skincare,SKU214
skincare,SKU215
haircare,SKU216
skincare,SKU217
haircare,SKU218
cosmetics,SKU219
cosmetics,SKU220
cosmetics,SKU221
haircare,SKU222
haircare,SKU223
cosmetics,SKU224
skincare,SKU225
haircare,SKU226
skincare,SKU227
skincare,SKU228
haircare,SKU229
haircare,SKU230
skincare,SKU231
cosmetics,SKU232
skincare,SKU233
cosmetics,SKU234
haircare,SKU235
skincare,SKU236
skincare,SKU237
haircare,SKU238
skincare,SKU239
haircare,SKU240
haircare,SKU241
skincare,SKU242
haircare,SKU243
haircare,SKU244
skincare,SKU245
haircare,SKU246
skincare,SKU247
skincare,SKU248
haircare,SKU249
cosmetics,SKU250
haircare,SKU251
skincare,SKU252
haircare,SKU253
skincare,SKU254
skincare,SKU255
haircare,SKU256
haircare,SKU257
cosmetics,SKU258
skincare,SKU259
cosmetics,SKU260
skincare,SKU261
cosmetics,SKU262
cosmetics,SKU263
skincare,SKU264
haircare,SKU265
haircare,SKU266
haircare,SKU267
cosmetics,SKU268
cosmetics,SKU269
haircare,SKU270
skincare,SKU271
cosmetics,SKU272
haircare,SKU273
cosmetics,SKU274
skincare,SKU275
haircare,SKU276
cosmetics,SKU277
skincare,SKU278
skincare,SKU279
skincare,SKU280
haircare,SKU281
skincare,SKU282
cosmetics,SKU283
haircare,SKU284
cosmetics,SKU285
skincare,SKU286
haircare,SKU287
cosmetics,SKU288
cosmetics,SKU289
cosmetics,SKU290
skincare,SKU291
haircare,SKU292
haircare,SKU293
cosmetics,SKU294
skincare,SKU295
skincare,SKU296
skincare,SKU297
cosmetics,SKU298
skincare,SKU299
cosmetics,SKU300
skincare,SKU301
cosmetics,SKU302
skincare,SKU303
skincare,SKU304
haircare,SKU305
haircare,SKU306
haircare,SKU307
haircare,SKU308
skincare,SKU309
skincare,SKU310
haircare,SKU311
skincare,SKU312
haircare,SKU313
haircare,SKU314
skincare,SKU315
skincare,SKU316
haircare,SKU317
haircare,SKU318
skincare,SKU319
cosmetics,SKU320
cosmetics,SKU321
skincare,SKU322
haircare,SKU323
cosmetics,SKU324
skincare,SKU325
skincare,SKU326
cosmetics,SKU327
skincare,SKU328
skincare,SKU329
skincare,SKU330
haircare,SKU331
cosmetics,SKU332
cosmetics,SKU333
cosmetics,SKU334
cosmetics,SKU335
skincare,SKU336
skincare,SKU337
skincare,SKU338
haircare,SKU339
skincare,SKU340
cosmetics,SKU341
skincare,SKU342
cosmetics,SKU343
skincare,SKU344
skincare,SKU345
cosmetics,SKU346
skincare,SKU347
skincare,SKU348
cosmetics,SKU349
skincare,SKU350
skincare,SKU351
skincare,SKU352
skincare,SKU353
cosmetics,SKU354
skincare,SKU355
haircare,SKU356
haircare,SKU357
skincare,SKU358
skincare,SKU359
cosmetics,SKU360
skincare,SKU361
cosmetics,SKU362
skincare,SKU363
cosmetics,SKU364
cosmetics,SKU365
cosmetics,SKU366
haircare,SKU367
cosmetics,SKU368
haircare,SKU369
haircare,SKU370
skincare,SKU371
skincare,SKU372
skincare,SKU373
cosmetics,SKU374
haircare,SKU375
cosmetics,SKU376
haircare,SKU377
haircare,SKU378
skincare,SKU379
haircare,SKU380
skincare,SKU381
skincare,SKU382
haircare,SKU383
haircare,SKU384
haircare,SKU385
skincare,SKU386
cosmetics,SKU387
skincare,SKU388
skincare,SKU389
haircare,SKU390
skincare,SKU391
skincare,SKU392
skincare,SKU393
skincare,SKU394
skincare,SKU395
haircare,SKU396
cosmetics,SKU397
skincare,SKU398
skincare,SKU399
cosmetics,SKU400
haircare,SKU401
cosmetics,SKU402
haircare,SKU403
skincare,SKU404
haircare,SKU405
haircare,SKU406
cosmetics,SKU407
haircare,SKU408
haircare,SKU409
haircare,SKU410
cosmetics,SKU411
haircare,SKU412
skincare,SKU413
haircare,SKU414
haircare,SKU415
cosmetics,SKU416
haircare,SKU417
cosmetics,SKU418
haircare,SKU419
cosmetics,SKU420
cosmetics,SKU421
skincare,SKU422
haircare,SKU423
cosmetics,SKU424
cosmetics,SKU425
cosmetics,SKU426
haircare,SKU427
cosmetics,SKU428
haircare,SKU429
skincare,SKU430
haircare,SKU431
skincare,SKU432
cosmetics,SKU433
haircare,SKU434
haircare,SKU435
skincare,SKU436
skincare,SKU437
haircare,SKU438
skincare,SKU439
cosmetics,SKU440
haircare,SKU441
skincare,SKU442
skincare,SKU443
cosmetics,SKU444
haircare,SKU445
skincare,SKU446
skincare,SKU447
skincare,SKU448
haircare,SKU449
haircare,SKU450
skincare,SKU451
cosmetics,SKU452
haircare,SKU453
skincare,SKU454
cosmetics,SKU455
skincare,SKU456
cosmetics,SKU457
haircare,SKU458
cosmetics,SKU459
haircare,SKU460
cosmetics,SKU461
haircare,SKU462
cosmetics,SKU463
skincare,SKU464
skincare,SKU465
haircare,SKU466
skincare,SKU467
haircare,SKU468
skincare,SKU469
haircare,SKU470
haircare,SKU471
skincare,SKU472
skincare,SKU473
skincare,SKU474
skincare,SKU475
haircare,SKU476
skincare,SKU477
skincare,SKU478
haircare,SKU479
skincare,SKU480
skincare,SKU481
skincare,SKU482
cosmetics,SKU483
cosmetics,SKU484
haircare,SKU485
cosmetics,SKU486
haircare,SKU487
cosmetics,SKU488
cosmetics,SKU489
haircare,SKU490
haircare,SKU491
haircare,SKU492
skincare,SKU493
cosmetics,SKU494
cosmetics,SKU495
skincare,SKU496
haircare,SKU497
haircare,SKU498
haircare,SKU499
cosmetics,SKU500
skincare,SKU501
skincare,SKU502
haircare,SKU503
cosmetics,SKU504
haircare,SKU505
haircare,SKU506
haircare,SKU507
haircare,SKU508
skincare,SKU509
skincare,SKU510
cosmetics,SKU511
haircare,SKU512
haircare,SKU513
cosmetics,SKU514
skincare,SKU515
skincare,SKU516
skincare,SKU517
skincare,SKU518
haircare,SKU519
skincare,SKU520
skincare,SKU521
haircare,SKU522
haircare,SKU523
haircare,SKU524
haircare,SKU525
cosmetics,SKU526
skincare,SKU527
cosmetics,SKU528
haircare,SKU529
skincare,SKU530
skincare,SKU531
cosmetics,SKU532
cosmetics,SKU533
haircare,SKU534
cosmetics,SKU535
skincare,SKU536
haircare,SKU537
cosmetics,SKU538
skincare,SKU539
cosmetics,SKU540
skincare,SKU541
skincare,SKU542
cosmetics,SKU543
skincare,SKU544
cosmetics,SKU545
skincare,SKU546
skincare,SKU547
skincare,SKU548
cosmetics,SKU549
cosmetics,SKU550
skincare,SKU551
skincare,SKU552
skincare,SKU553
haircare,SKU554
skincare,SKU555
cosmetics,SKU556
cosmetics,SKU557
skincare,SKU558
haircare,SKU559
skincare,SKU560
skincare,SKU561
skincare,SKU562
skincare,SKU563
skincare,SKU564
skincare,SKU565
haircare,SKU566
cosmetics,SKU567
haircare,SKU568
haircare,SKU569
skincare,SKU570
skincare,SKU571
haircare,SKU572
cosmetics,SKU573
cosmetics,SKU574
cosmetics,SKU575
haircare,SKU576
skincare,SKU577
haircare,SKU578
cosmetics,SKU579
cosmetics,SKU580
skincare,SKU581
haircare,SKU582
haircare,SKU583
skincare,SKU584
haircare,SKU585
cosmetics,SKU586
cosmetics,SKU587
cosmetics,SKU588
skincare,SKU589
cosmetics,SKU590
skincare,SKU591
haircare,SKU592
haircare,SKU593
cosmetics,SKU594
skincare,SKU595
haircare,SKU596
haircare,SKU597
skincare,SKU598
skincare,SKU599
